title,category,city,address,contact,description,image
"Asiaval S.L. La Cova mayorista regalo y bazar","生意","Valencia","Avinguda de la Cova 110-112, Poligono Industrial La Cova, 46940 Manises, Valencia","Tel: 961 54 92 52 | Web: asiaval.es","平台代登记商家信息，商家待认领。Public records place Asiaval S.L. in Poligono Industrial La Cova, Manises, with gift/bazar/wholesale activity. Suitable for bazar, gift shop and euro-store supply. Sources: papeleriatecnicacano.es and horariohoy.es public directories.","https://images.unsplash.com/photo-1472851294608-062f824d29cc?auto=format&fit=crop&w=900&q=82"
"Chollos El Barato La Cova autoservicio mayorista","生意","Valencia","Pol. Ind. La Cova, Avinguda de la Cova 21, 46940 Manises, Valencia","Tel: 961 54 68 00","平台代登记商家信息，商家待认领。Public records describe this business as an autoservicio mayorista in Manises La Cova, suitable for bazar, household and general merchandise supply. Source: outletsaqui.com public merchant page.","https://images.unsplash.com/photo-1604719312566-8912e9227c6a?auto=format&fit=crop&w=900&q=82"
"Luye Nongchang Manises Chinese food warehouse","生意","Valencia","Carrer Alt Turia 7, Poligono La Cova, 46940 Manises, Valencia","Movil: 692 319 118 | WeChat: sofia692319118 | Web: lvyenongchang.com","平台代登记商家信息，商家待认领。Public records show Luye Nongchang / green farm warehouse in La Cova, with Chinese food, frozen goods, sauces, vegetables and daily supplies. Sources: lvyenongchang.com official shop and Xibanya-China public article.","https://images.unsplash.com/photo-1542838132-92c53300491e?auto=format&fit=crop&w=900&q=82"
"VentaMayorBBC / RAYA 1953 regalos para eventos","生意","Valencia","Carrer Alt Turia 2, 46940 Manises, Valencia / Av. Cova Nave 57, Manises","Tel: 961 52 39 86 | Email: info@ventamayorbbc.com | Web: ventamayorbbc.com","平台代登记商家信息，商家待认领。Public records show VentaMayorBBC as a professional wholesale supplier for wedding, baptism, communion and event gifts in the Manises La Cova / Alt Turia area. Sources: ventamayorbbc.com official website and mayoristas.info.","https://images.unsplash.com/photo-1556741533-6e6a62bd8b49?auto=format&fit=crop&w=900&q=82"
"FaktorLED / Tesiko Grupo La Cova iluminacion LED","生意","Valencia","Carrer Alt Turia 17, Poligono Industrial La Cova, 46940 Manises, Valencia","Tel: 961 53 81 76 | Movil: 643 90 99 87 | Email: faktorled3030@gmail.com | Web: faktorled.com","平台代登记商家信息，商家待认领。Public records show FaktorLED / Tesiko Grupo in Manises La Cova, supplying LED strips, power supplies, controllers and custom lighting for shops, renovation and project customers. Sources: faktorled.com and grupotesiko.es official websites.","https://images.unsplash.com/photo-1558618666-fcd25c85cd64?auto=format&fit=crop&w=900&q=82"
"Gran Long Da S.L. Manises bisuteria y moda mayorista","生意","Valencia","46940 Manises, Valencia (public directory lists Valencia S/N)","Tel: 961 52 08 67","平台代登记商家信息，商家待认领。Public records list Gran Long Da S.L. in Manises for fashion, shoes or accessories wholesale activity, suitable for clothing and accessories shops. Source: Paginas Amarillas public merchant page.","https://images.unsplash.com/photo-1512909006721-3d6018887383?auto=format&fit=crop&w=900&q=82"
"MEIHUA Moda Infantil Manises kids clothing wholesale","生意","Valencia","Avda. Mas de l Oli 37 / Avenida Cova 37, 46940 Manises, Valencia","Tel: 963 411 488 | Movil: 652 911 341 | Email: meihuayu.valencia@gmail.com","平台代登记商家信息，商家待认领。Public records list MEIHUA Moda Infantil / Fengsheng kids clothing in Manises, focused on children clothing wholesale. Address appears as Avenida Cova 37 in one directory and Avda. Mas de l Oli 37 in another, so admin should verify. Sources: weinfo.com and Paginas Amarillas.","https://images.unsplash.com/photo-1515488042361-ee00e0ddd4e4?auto=format&fit=crop&w=900&q=82"
"Importacion Oriental En Valencia S.L. ropa mayorista pendiente confirmar","生意","Valencia","Avinguda Mas de l Oli 114 Bajo / Avenida de la Cova 114, 46940 Manises, Valencia","Tel: 961 52 41 64","平台代登记商家信息，商家待认领。Public directories still list this Manises business for clothing wholesale / oriental import activity, with Chinese-name clues in company registry data. Registry status may have changed, so admin should verify before promotion. Sources: Paginas Amarillas and InfoNIF.","https://images.unsplash.com/photo-1483985988355-763728e1935b?auto=format&fit=crop&w=900&q=82"
"Hushu La Cova ropa mayorista pendiente confirmar","生意","Valencia","Avenida Cova 152, 46940 Manises, Valencia","公开目录未列电话，请商家认领后补充","平台代登记商家信息，商家待认领。Public directories list Hushu at Avenida Cova 152, Manises, under ropa diversa mayoristas / clothing wholesale. Contact details are incomplete; keep as pending verification until owner claims it. Source: Paginas Amarillas Manises clothing wholesale directory.","https://images.unsplash.com/photo-1445205170230-053b83016050?auto=format&fit=crop&w=900&q=82"
"LIN La Cova ropa de senora mayorista pendiente confirmar","生意","Valencia","Maestrat, Pol. Ind. La Cova 29 Bajo, 46940 Manises, Valencia","公开目录未列电话，请商家认领后补充","平台代登记商家信息，商家待认领。Public directories list LIN at Maestrat, Pol. Ind. La Cova 29 Bajo, Manises, under ropa de senora mayoristas / women clothing wholesale. Contact details are incomplete; keep as pending verification until owner claims it. Source: Paginas Amarillas Manises clothing wholesale directory.","https://images.unsplash.com/photo-1523381294911-8d3cead13475?auto=format&fit=crop&w=900&q=82"